StudyHours,SleepHours,Extracurricular,Attendance,PerformanceCategory
3.745401188473625,8.18897028411847,3,79.39421855551934,3
9.50714306409916,7.216578198064722,2,97.42916774257168,4
7.319939418114051,5.857165697717966,4,62.62638910377096,4
5.986584841970366,8.882770118241691,0,67.96253739581228,4
1.5601864044243652,8.108387035323275,4,68.96792949612119,3
1.5599452033620265,4.975701636069347,0,80.27690788224415,2
0.5808361216819946,9.465563106963055,1,67.83660265200008,2
8.661761457749352,8.935223457539013,0,76.67559626498478,4
6.011150117432088,9.698799479751544,3,89.08951649225148,4
7.080725777960454,8.35431705033016,2,85.26927970561019,4
0.20584494295802447,7.680491175614739,1,72.31843232562927,2
9.699098521619943,6.509458217743713,0,93.21080888370844,4
8.324426408004218,9.596370900124079,4,77.90701247969315,4
2.1233911067827616,9.19638333700245,1,76.99529197511063,3
1.8182496720710062,4.271312020637136,1,51.70938829695791,1
1.8340450985343382,4.158201846983512,0,99.33464901785808,3
3.0424224295953772,6.258780201268298,1,56.14854042648133,2
5.247564316322379,8.863319984690998,4,61.55654562138233,4
4.319450186421157,9.923656775889667,1,52.584841862076345,3
2.9122914019804194,4.902501346621169,4,82.00014834184569,3
6.118528947223795,7.564784292112811,0,61.235058848634,3
1.3949386065204183,6.285345139786129,2,59.000521873636174,2
2.9214464853521815,9.819486386887618,1,54.42777921116207,3
3.663618432936917,9.052713538814253,2,55.165447856200785,3
4.56069984217036,9.029972228266827,4,79.23353502212944,4
7.851759613930136,6.812158958769822,1,84.41039329332978,4
1.9967378215835974,6.488917014025991,3,69.86894942322004,3
5.142344384136116,5.640442431584237,2,73.99485407960367,3
5.924145688620425,4.338252979905563,1,84.2983867991492,3
0.46450412719997725,9.188334257530318,2,50.86898950927398,2
6.075448519014383,8.877406054780465,1,66.15653285351392,4
1.7052412368729153,9.998306039716784,0,98.65488740351732,3
0.6505159298527952,9.979821022443431,2,79.0056114847734,3
9.488855372533333,7.332590233615765,3,62.71122899487466,4
9.656320330745594,8.613924491083063,3,76.08650233181066,4
8.08397348116461,9.668594379294568,4,67.13267440604577,4
3.0461376917337066,9.097884344064468,1,76.61224944131496,3
0.9767211400638387,5.484088610459186,2,56.28707559033244,2
6.842330265121569,6.703264811860561,4,56.63573269096387,4
4.4015249373960135,4.77495649090897,2,57.17711810196964,2
1.2203823484477883,9.724306163552335,1,96.99098959634209,3
4.951769101112702,7.63704780670528,3,86.64494591706709,4
0.34388521115218396,5.371856833020776,0,58.11909473311604,1
9.093204020787821,8.03020410643514,3,59.417454188280075,4
2.587799816000169,7.708769442747375,4,86.54147374354382,3
6.62522284353982,6.148976308197043,0,57.808192239608694,3
3.1171107608941098,4.681345553197774,4,61.72806466674143,2
5.200680211778108,8.029439173556797,1,98.16734164101996,4
5.4671027934327965,7.121846205422759,0,62.76532623642159,3
1.8485445552552704,8.633910350413835,4,83.08161751855734,3
9.695846277645586,7.12098100667196,1,98.93156437002652,4
7.7513282336111455,9.113089001911241,3,68.71483835698963,4
9.394989415641891,7.311441032646913,1,50.87579954310311,4
8.948273504276488,7.365627829212317,2,62.20736452111871,4
5.978999788110851,9.25992161595007,1,91.54385956708526,4
9.218742350231167,6.420897197274382,1,93.23044179775184,4
0.884925020519195,4.804091370703844,2,88.42596822618955,2
1.959828624191452,4.172696057880033,4,55.655490953828654,2
0.45227288910538066,8.530823534041714,4,89.77551858482016,3
3.2533033076326436,7.7218573081207875,1,95.93388984967521,3
3.8867728968948203,8.22447860859534,2,80.0304771273118,3
2.713490317738959,5.277784969053465,2,97.04376781690324,3
8.287375091519294,4.818228853520619,3,91.34194418559387,4
3.567533266935893,4.087267994007291,4,83.34857584954537,3
2.8093450968738076,6.103525352839582,0,78.8592618355874,3
5.426960831582485,7.539506121127799,4,67.42868336209852,4
1.4092422497476265,6.353464270598394,4,57.96437226214026,2
8.021969807540398,6.624849532142374,3,80.24769613452705,4
0.7455064367977082,9.424952166962491,0,65.90557768090598,2
9.868869366005173,6.089532802139802,3,93.32193337638228,4
7.722447692966574,7.083936934958865,0,99.66684686793143,4
1.987156815341724,8.701918076446859,1,87.62138813077863,3
0.05522117123602399,6.379256693927621,0,54.52408476435254,1
8.154614284548341,7.732520201367241,3,64.43427977653191,4
7.068573438476172,9.17418225248047,4,55.45548158828748,4
7.2900716804098735,9.697123741945852,0,82.5255823895858,4
7.712703466859457,4.882440885574228,0,88.25954322778924,4
0.7404465173409036,9.559525750968966,2,96.28374154403559,3
3.5846572854427263,6.952697758477229,4,71.90861732059938,3
1.1586905952512971,5.54946632979375,1,95.06878247942223,3
8.631034258755935,6.754814537429568,3,93.89455795206638,4
6.232981268275579,9.880195451712861,1,65.85978583826993,4
3.308980248526492,6.955708563957217,4,93.44503127702855,4
0.6355835028602363,5.9725096617250495,0,68.78361259408632,2
3.109823217156622,7.800405125900355,0,64.84346372801404,3
3.2518332202674705,5.440873712669158,4,82.45373293971966,3
7.29606178338064,4.455179968651984,0,66.41906139425406,3
6.3755747135521315,4.773278331463896,0,81.51043741645721,3
8.872127425763265,4.768275033746635,0,80.49159027493472,4
4.722149251619493,4.911416161073766,3,78.17194636742295,3
1.195942459383017,4.83296303589646,3,69.02098521163988,2
7.13244787222995,7.845248468819287,2,77.42498608257384,4
7.607850486168974,5.0912805063948685,1,79.82427374927107,4
5.612771975694963,6.074003699943179,4,77.28434442477368,4
7.70967179954561,9.380730459436071,4,72.22097263756008,4
4.937955963643907,6.843769841577235,4,50.73335285231319,3
5.227328293819941,8.005346431126164,2,79.35308538505754,4
4.275410183585496,5.033919227209779,3,58.42221925713598,3
0.2541912674409519,5.153734112852025,2,82.12879844735949,2
1.0789142699330445,4.245211697598873,4,87.9672163961433,3
0.3142918568673425,5.013610378432987,1,75.02226545653707,2
6.364104112637804,5.671542034191752,0,77.11818324898692,3
3.143559810763267,5.062062905660481,3,97.57392798329955,3
5.085706911647028,4.532215202542334,3,92.3583680686287,4
9.07566473926093,4.723815226603605,2,95.7118257975735,4
2.4929222914887497,6.764672608196355,3,90.68831441597932,3
4.103829230356297,5.238002310434755,4,55.44591709233657,3
7.555511385430487,6.185619166288452,4,57.449592798509734,4
2.2879816549162246,7.020503625129141,2,76.33118986344797,3
0.7697990982879299,8.142368971776191,4,62.30348293989991,2
2.8975145291376805,4.235872839046594,1,73.83477375205796,2
1.6122128725400442,8.796462393454256,2,69.71826619091752,3
9.29697652342573,7.767402336945446,1,77.47071192152266,4
8.08120379564417,4.4905541916932314,0,87.34378580679113,4
6.334037565104235,9.241471744640663,1,85.77454535496372,4
8.714605901877178,9.525234403190879,0,76.06170662426672,4
8.036720768991145,4.366467759129183,0,91.1196709408529,4
1.8657005888603584,5.661265888883222,1,71.54310457690167,2
8.925589984899778,8.837207678758368,2,94.83571449200612,4
5.393422419156507,8.48955814230195,4,53.56401350275819,3
8.074401551640625,5.107126116138264,4,97.73300150166537,4
8.960912999234932,5.256095940020262,0,82.7346540715674,4
3.1800347497186388,6.222832616748292,0,69.00372544686027,2
1.1005192452767676,6.907137911146128,2,59.85770632864387,2
2.279351625419417,7.709528629181776,3,73.95916147218,3
4.271077886262563,6.213481837418635,1,59.72791615926505,3
8.18014765922493,6.775208296798887,0,58.31658038715711,4
8.607305832563434,8.48482562880254,4,80.8675878706487,4
0.06952130531190703,4.220099217343588,2,76.15423622908924,2
5.107473025775658,5.514621666064125,1,83.50480173054709,3
4.17411003148779,8.280097515307315,2,96.48029387109946,4
2.2210781047073027,9.371241026123196,1,76.61301066695201,3
1.198653673336828,7.070064652693997,1,79.04660266313988,2
3.3761517140362796,7.192680911591894,0,54.481316957747104,2
9.429097039125192,4.643032068038656,2,85.88178929543147,4
3.2320293202075523,6.684474200940728,2,69.9952603402078,3
5.187906217433661,7.195703598730139,4,98.83626193312895,4
7.030189588951778,5.454823021808378,4,91.158700779783,4
3.63629602379294,5.615459385696286,0,76.12405202580592,3
9.717820827209607,6.263704978627736,0,56.1611327086083,4
9.624472949421111,4.120427186666358,3,92.97078966402947,4
2.5178229582536416,5.93247499349907,4,89.98905477120108,3
4.972485058923855,5.268688041979268,1,59.229256476851646,3
3.0087830981676964,5.964984113067488,2,64.7639144610155,2
2.848404943774676,4.718572790915507,0,89.67036290739186,3
0.36886947354532795,9.34316368443937,2,59.26142232737048,2
6.095643339798968,7.561554721324292,2,95.88762445856887,4
5.026790232288615,8.074613914866937,3,71.2263712598181,4
0.5147875124998935,8.73502743164403,4,54.35194812938293,2
2.7864646423661146,6.990653193574344,0,90.78743217521404,3
9.082658859666537,4.521521728524542,2,68.67548415191938,4
2.395618906669724,7.2226392509112864,0,76.32495970768905,3
1.448948720912231,7.521046708125275,1,55.61521722056096,2
4.89452760277563,8.47263684510598,3,50.12920074224912,3
9.856504541106007,6.589957277378076,1,81.89926028966488,4
2.4205527151150044,4.765481816773383,0,75.75875851668658,2
6.721355474058786,5.702655434792347,0,79.67692845615736,4
7.616196153287175,6.178493778391811,4,89.68719251902581,4
2.3763754399239967,7.875503447989607,2,82.330295671143,3
7.282163486118596,7.424669828013471,2,58.73867214136886,4
3.677831327192532,6.1365803553870775,1,68.03862595553,3
6.3230583059357945,9.919091492757879,3,95.29455523938802,4
6.335297107608947,7.634648916141323,2,88.49723501258396,4
5.357746840747585,5.423360750415966,4,77.83185289683587,3
0.902897700544083,4.6106948357224224,1,62.78224989046362,2
8.35302495589238,4.917154835105992,1,65.10302509173975,4
3.2078006497173583,5.475746370307049,4,86.59790337928172,3
1.8651851039985423,4.964088239557334,3,92.55871304263854,3
0.40775141554763916,5.119402144307834,4,83.57123347653072,2
5.908929431882418,5.710571012163083,3,90.47649878842209,4
6.775643618422825,5.040241571768529,4,88.3328067600203,4
0.16587828927856152,9.380592547758551,4,57.48519839784789,2
5.12093058299281,4.481402473969853,0,71.1972406456651,3
2.2649577519793795,7.147068337421528,1,57.649190041428135,2
6.451727904094499,6.462380961937969,4,61.761779240099244,4
1.7436642900499144,9.894271701451638,4,93.46298123255264,4
6.90937738102466,4.672233413008314,2,73.64459828165911,3
3.867353463005374,6.38713359427445,1,76.76790509213305,3
9.367299887367345,9.816822599652212,2,58.922298261388605,4
1.3752094414599325,9.193042755363882,1,65.6135893024398,2
3.410663510502585,8.902432425695679,2,61.5123084213935,3
1.1347352124058907,5.547416962269639,4,60.30930822592132,2
9.246936182785628,5.025325524340395,4,81.8980396657985,4
8.77339353380981,8.011859319546586,0,62.84419238228574,4
2.579416277151556,9.576255934765515,2,81.60077430102092,3
6.59984046034179,7.3405773580835785,3,52.922730705427696,3
8.172222002012159,7.429676136819399,0,57.08871967635509,4
5.5520081159946235,5.6798745619617055,2,63.72701270000627,3
5.296505783560065,8.616957599151622,2,79.85234584478458,4
2.418522909004517,5.12226249134514,0,83.7920622543688,2
0.9310276780589921,5.942075418425462,4,72.13584833897636,2
8.972157579533267,6.5526186316985005,2,72.28954572886144,4
9.004180571633304,7.04566227210673,4,86.2258425699309,4
6.33101457273268,5.454458394490482,0,50.791054588279124,3
3.390297910487007,4.689020948435221,4,67.05450122371103,3
3.492095746126609,7.663720254649796,1,90.93535285596164,3
7.259556788702394,5.731783319441535,3,80.16097051066862,4
8.971102599525771,7.487429328535674,2,66.86135663777102,4
8.870864242651173,4.926176291645214,3,95.27623961648369,4
7.798755458576238,6.886840611128905,4,88.63113637246913,4
6.420316461542877,7.195536595309515,2,63.24477236183667,3
0.8413996499504883,4.310941220934561,4,82.26449187628585,2
1.6162871409461377,6.019625669163523,1,79.78753640944784,2
8.985541885270793,4.8064880616338455,0,70.05939570194914,4
6.0642905965958995,4.380249822836607,2,68.34780396024003,3
0.09197051616629648,9.939761394339671,1,67.1780237387852,2
1.014715428660321,5.934123069848338,1,80.85778916978234,2
6.635017691080558,8.85924667512781,2,72.12049682403347,4
0.05061583846218687,5.527843928582583,4,91.59315566257109,3
1.6080805141749865,8.089016333343576,1,83.4801308066981,3
5.487337893665861,8.561367159338118,3,53.49658028547171,3
6.918951976926932,7.573832443647065,1,82.0084111914083,4
6.519612595026006,6.82945713130095,4,63.55737182500924,4
2.242693094605598,6.471045484883611,4,79.64059958267114,3
7.121792213475358,6.093209599257972,3,84.00659655517256,4
2.3724908749680007,9.577174865486956,1,61.541459457700604,3
3.2539969815926773,8.983716446726374,4,72.84293224401843,3
7.464914051180242,9.790161463999075,2,59.51624314095339,4
6.496328990472147,4.745783340913269,0,52.61694378932542,3
8.49223410494178,8.385204851221864,0,68.92382117429345,4
6.576128923003433,9.630042740926227,0,68.14721359229961,4
5.683086033354716,5.087398396993961,1,99.77402453521285,4
0.9367476782809248,4.398977604200665,3,72.31761755988211,2
3.6771580305943354,8.446723895740355,4,66.67847747361002,3
2.6520236768172545,7.446838679079471,2,79.02375033583374,3
2.4398964337908358,9.050972660549633,2,54.438369705388425,3
9.730105547524456,4.838634259757737,1,98.08328679774067,4
3.930977246667604,8.771603871159341,0,81.74800227955166,3
8.920465551771134,5.209763920286467,1,87.74189099704239,4
6.311386259972629,4.981935657194227,3,58.523896908695875,3
7.948113035416484,4.985594787585958,3,70.4738926502602,4
5.026370931051921,8.887448321388293,4,71.13445566980948,4
5.769038846263591,7.991183324177201,4,91.09032219505434,4
4.925176938188639,7.138392548614716,3,50.06183398797047,3
1.952429877980445,6.152982904741015,3,65.04265541766276,2
7.224521152615053,9.26320324487865,3,99.0618187172152,4
2.807723624408558,6.354670644535812,1,73.74432717531093,3
0.2431596643145384,8.899596636829463,3,69.12631401220041,2
6.454722959071678,6.634809451421311,2,55.99145010088232,3
1.7711067940704894,6.2616665765494455,0,98.70823143140078,3
9.404585843529143,6.776078714017639,3,51.001317796291225,4
9.539285770025874,5.808267244984853,0,86.85901125036216,4
9.148643902204485,8.485656281057507,1,88.42999023942542,4
3.7015870025544437,7.016322340554875,0,62.18283580319333,3
0.15456616528867428,5.393276170880904,1,83.57792218065187,2
9.283185625877254,9.397447439647411,2,54.646457218969495,4
4.281841483173143,6.303347328239268,1,62.852363321603995,3
9.666548190436696,7.261317166683932,1,89.39509941461324,4
9.636199770892528,9.438832665787281,4,93.23430960167701,4
8.530094554673601,7.745427975483953,3,80.42432063298956,4
2.944488920695857,4.701388244250184,3,75.34192159102413,3
3.8509772860192526,9.638992741680852,2,57.96520103094902,3
8.511366715168569,7.766248318428508,2,53.155451653957506,4
3.1692200515627764,6.009433687942517,3,55.882451423677935,2
1.6949274668609249,4.835632435980323,4,61.36786500480494,2
5.568012624583502,8.764151135621777,3,67.08372509484605,4
9.36154774160781,7.720436535571081,4,69.04547627554936,4
6.96029796674973,7.200766551857929,2,67.31608842945018,4
5.700611700893649,9.363355498305745,0,61.95276660986328,3
0.9717649377076854,8.731583267347185,2,75.4862123375849,3
6.150072266991698,4.910049278396507,2,91.26430541164484,4
9.900538501042632,5.870332406773289,1,63.98517692357396,4
1.4008401523652403,5.490934838886794,1,97.11935095511166,3
5.183296523637368,8.463677755436063,1,93.66683308619238,4
8.773730719279554,4.201194608414676,1,58.08821056760548,3
7.407686177542044,7.419338109227899,4,89.31379783785472,4
6.97015740995268,8.574752114444143,3,78.72936911588833,4
7.024840839871093,9.260593820570497,0,78.32876810857093,4
3.5949115121975517,6.052490492295445,2,69.55213815290873,3
2.9359184426449336,8.927543828032077,4,75.05764995910049,3
8.093611554785136,4.663790421731243,0,69.85893887146055,3
8.101133946791808,9.07871375040711,4,76.98663093799715,4
8.670723185801037,4.764931973991894,4,81.39750263863179,4
9.132405525564714,6.383723743362204,2,83.71519032045242,4
5.113423988609378,8.783772194677322,3,76.6240596279713,4
5.015162946871996,4.899504564092643,1,86.07110336643659,3
7.9829517896677515,5.375508371395849,3,57.06390246377529,4
6.4996393077776515,8.333515410358398,2,60.59912454511193,4
7.019668772577034,8.320219219276446,2,90.9367502037135,4
7.95792669436101,7.846885797311784,2,66.12639889232076,4
8.900053418175663,8.1636906668026,0,51.14469124880601,4
3.379951568515358,7.256346660085577,3,57.68955748340156,3
3.75582952639944,5.5107943534417165,3,61.18072172481556,3
0.93981939840869,6.074175961023517,4,97.86614439472936,3
5.78280140996174,5.089586300808554,4,78.65207144654246,4
0.35942273796742086,9.45070336800177,4,96.63653702381274,3
4.655980181324601,7.500350768596723,2,78.75816752483125,3
5.426446347075766,6.405108500581839,3,73.96772200689259,3
2.865412521282844,6.772034821864796,2,65.6863845597048,3
5.9083326056901075,9.683700037670892,0,80.31854722166878,4
0.3050024993904943,4.920108418696481,4,56.95990123087649,2
0.37348188749214417,7.517378992100784,2,94.9130813646353,3
8.226005606596583,7.035332073306796,2,91.46662025706419,4
3.601906414112629,7.668725412607887,0,65.87657239383685,3
1.2706051265188478,4.108661102925043,1,97.63987638006472,2
5.222432600548044,9.23274345366491,3,91.2600383707784,4
7.699935530986108,9.592709694901675,1,83.31534429175198,4
2.1582102749684315,7.390799101535253,4,56.08809555626374,2
6.228904758190002,8.179904943261354,2,73.91170115240361,4
0.85347464993768,9.534996287063773,0,75.30537774233754,3
0.516817211686077,8.243431805880391,0,61.62756791826901,2
5.31354631568148,4.915234257485568,3,53.998269717965094,3
5.406351216101065,7.457730161000879,1,88.83618152358463,4
6.374299014982066,7.640290278297135,3,56.10175260621975,3
7.260913337226615,6.544784027814316,2,79.71453752808874,4
9.758520794625346,8.418665413748336,3,96.82245869418303,4
5.163003483011953,9.60620208861409,0,93.80525962990212,4
3.2295647294124596,9.553411077440657,0,63.88763118746306,3
7.9518619476870365,6.705036228424793,4,92.57243187756328,4
2.708322512620742,4.679428275044532,4,50.01662530602447,2
4.389714207056361,9.909047193774008,2,50.88439048066286,3
0.7845638134226596,9.033388518675604,1,80.12765819214324,3
0.2535074341545751,4.747976087219601,3,68.23991095722647,2
9.626484146779251,9.525051295704234,2,69.32304205795735,4
8.359801205122059,9.21937817237277,4,78.22205453394412,4
6.95974206093698,7.113028342756433,3,59.589122779593026,4
4.089529444142698,7.547652614469575,4,60.58776753327392,3
1.7329432007084578,6.394016223220781,3,74.23007935094324,3
1.5643704267108605,4.328569832932188,1,87.71267721719315,2
2.502428981645953,6.011183449875405,2,80.97488757037938,3
5.4922666470612045,8.81712069158807,3,64.86775241184195,4
7.145959227000623,4.027792138027618,0,71.51685887544606,3
6.601973767177313,6.000995030146865,0,58.53323792749992,3
2.7993389694594284,6.38901216154566,3,53.73149071685408,2
9.54865280663194,7.2243736176275375,3,89.13480203720746,4
7.378969166957685,9.519133698476562,3,63.26937045940973,4
5.543540525114007,6.078075966195767,0,58.88831939256241,3
6.117207462343522,6.081719211377366,0,84.58090277846597,4
4.196000624277899,8.42500748865849,3,80.9025837143593,4
2.4773098950115746,6.713307645338843,4,81.6594813006732,3
3.559726786512616,5.347628937639891,4,61.44473024233068,3
7.578461104643691,6.71463709679616,1,61.63227692813405,4
0.14393488629755868,4.8451421222788,2,61.04013148928196,1
1.1607264050691624,5.05832191903734,4,58.68762978311473,2
0.4600264202175275,6.990206636436879,0,82.78618362808282,2
0.40728802318970136,6.513552697027287,4,92.40079426247007,3
8.554605840110073,9.4890754064086,1,86.21587348383306,4
7.036578593800237,6.174363394699799,1,89.60468168802717,4
4.741738290873252,7.4835301016682605,2,70.23992145425999,3
0.9783416065100148,7.793585727517183,4,82.7037897685999,3
4.916158751168323,4.078566739530002,0,67.71181202223872,3
4.734717707805657,7.9812242321002635,0,76.275231098432,3
1.7320186991001518,5.068215801218509,3,74.08174232674313,2
4.33851649237973,9.766421904816731,0,58.84435725719272,3
3.9850473439737346,4.891976366518678,2,69.35393801678154,3
6.158500980522165,6.487744742362143,2,98.19111377411755,4
6.350936508676438,4.512098008471863,0,62.429012885747106,3
0.4530400977204452,9.981245511075684,0,56.690186813974435,2
3.746126146264712,7.013170061987456,3,70.92903108119677,3
6.258599157142363,7.5723101039202625,0,89.51688679300742,4
5.031362585800877,4.402458864330565,3,79.10741148899862,3
8.564898411883222,8.499762822395066,3,84.04874136191222,4
6.58693631618945,5.259433558573514,0,59.48474240873386,3
1.629344270814297,9.388325736644283,1,80.94740965038608,3
0.7056874740042984,5.2308378428920435,1,66.17501974557369,2
6.424192782063156,5.144126323981999,3,91.71516829773837,4
0.26511310541621813,4.219298007088569,0,81.46494030053681,2
5.8577558127346325,6.832401670659996,1,59.942813888764796,3
9.402302414249576,7.3890467995756985,0,53.23083399220431,4
5.75474177875879,4.394251836570114,0,52.13166046435164,2
3.881699262065219,8.653165700170064,0,68.57042838250703,3
6.432882184423532,6.7197330084881655,4,63.292556832715675,4
4.582528904915167,7.14634161596548,0,82.3045061731254,3
5.45616789315935,6.644576481629369,4,74.96669174893091,4
9.41464808776525,6.404578365251956,3,63.30096390026904,4
3.8610263780077423,7.357841987849307,1,57.46188889750881,3
9.611905638239142,4.9314414755842755,1,56.35998813437248,4
9.053506419560637,5.091568782971627,1,93.23301960702088,4
1.9579113478929644,9.170713726081104,1,62.17389842024336,3
0.6936130087516545,9.676692772801797,1,82.58553239554843,3
1.0077800137742665,6.239855897678518,1,90.53429639931332,3
0.18221825651549728,5.624468038861322,1,80.7040655592368,2
0.944429607559284,7.863997259434095,3,92.97826158234729,3
6.830067734163569,6.452405026588578,0,69.61968607642373,3
0.7118864846022899,4.152318133962069,2,97.81110953244742,2
3.189756302937613,4.936915584197142,4,56.65725020890485,2
8.448753109694545,8.295833373084385,2,55.107476482876905,4
0.23271935735825866,7.953543651460908,2,82.93460731037217,3
8.144684825889358,4.162575955020901,0,97.14155707066308,4
2.8185477477339993,5.331832971597697,0,90.4441730818164,3
1.1816482762165625,5.386448779528428,0,53.82084297190257,1
6.967371653641506,8.03135646159237,1,63.96838569673582,4
6.28942846779884,4.118263226526185,3,96.51594424189119,4
8.77472013527053,4.624651491907443,1,62.652921640039224,4
7.350710438038858,8.799496512239136,3,89.05852118934595,4
8.034809303848485,5.071267972326002,3,91.25660979643519,4
2.820345725713065,7.916476647111248,2,74.77260517304909,3
1.7743954377972282,5.429096686280359,2,69.31744549241577,2
7.506147516408584,4.596648356556071,3,72.50622162098799,4
8.06834739267264,5.459033145996725,3,61.34823471826821,4
9.905051420006734,8.333601591133956,1,94.46954580644221,4
4.126176769114265,9.134178808637714,1,72.5309828364879,3
3.720180857927832,8.98131918740195,2,94.12297202280499,4
7.764129607419968,6.383101177710729,0,55.2846739953137,3
3.4080354025301784,8.008510819423877,3,99.41376355000656,4
9.307573256035647,5.229905772494925,1,72.16365437218091,4
8.584127518430119,5.75888638156608,2,52.39154101970527,4
4.289940273750183,9.37801491112672,1,51.901092411872746,3
7.508710677914974,4.078011541064416,3,87.31036287409194,4
7.545428740846823,4.513051185126809,3,82.95177671018405,4
1.031238688359326,5.247317530876164,4,90.10652790637937,3
9.025529066795666,4.1591932232429185,0,55.2683766976403,3
5.052523724478571,5.088612610538783,4,51.778543351777415,3
8.264574661077416,7.498249365818153,2,75.42896447237892,4
3.2004960103061175,6.528547303554988,1,69.37976157413848,3
8.955232284962005,9.356030266461849,2,73.09734683354779,4
3.892016787341631,8.904661370430645,3,99.5794204435137,4
0.1083765148029836,6.050904110187256,4,98.53749788353352,3
9.053819764192637,5.556540600587755,4,97.11576948365965,4
0.9128667678613356,6.278154449003601,4,89.19213383838368,3
3.1931363759041487,7.541769655088847,2,67.74206801284453,3
9.50061967050805,5.6083818449372576,3,70.60654651313858,4
9.506071469375561,7.744893447094804,1,77.48080218594623,4
5.734378881232861,6.456469913147442,1,91.52672282024199,4
6.318372121697992,7.312283085111881,2,53.43564162591339,3
4.4844552197831975,6.6167591748119,4,71.21484429424441,3
2.9321077169806453,5.766794557251506,0,54.130883172963436,2
3.2866454536991596,9.690719841772939,2,75.73287932867558,3
6.725184560770384,8.581634764958565,2,94.94504120031178,4
7.5237452943768,4.8406790545987155,3,89.1242462281969,4
7.915790437258485,9.210807855387477,1,61.3921208771555,4
7.896181427945539,6.924587189497082,2,98.79954247993962,4
0.9120610304869037,9.367313361364548,2,83.36751990232142,3
4.944203047025814,8.799131535683891,4,50.521384969870155,3
0.5755876001664428,6.551281026815401,4,62.77067423426098,2
5.495288823237355,4.134815849920704,0,63.03566499599583,3
4.41530501373377,5.6120641563096765,3,53.462715314293,3
8.877041827582998,7.249805287965201,0,97.99132590379645,4
3.5091501255207866,7.800869318956884,4,73.91276472879619,3
1.1706701642760586,5.5473261125992135,1,94.7907298685941,3
1.4299168205283586,4.836136444436945,4,66.11077517223141,2
7.615106317174723,9.009581420795794,3,56.26167852164136,4
6.182180633162611,9.906413084221313,4,73.7168054953107,4
1.0112267612279024,7.154141093816115,3,55.69783173571586,2
0.8410680611499743,5.030075715089821,3,74.300775148877,2
7.009691314591199,5.633843959116214,3,96.0148590609704,4
0.7276300636419353,4.110344059284801,3,76.03840709171064,2
8.218600592903563,9.485792839362993,3,80.82498634475417,4
7.062422271564962,4.706506497340847,1,57.83192184869041,3
0.8134878064189976,7.459098853085521,0,52.18678129399847,2
0.8483771408519192,5.644331324123236,2,55.54039810899035,2
9.866395785011754,7.325068015094761,0,79.92657878421828,4
3.742707957561203,7.908522330111185,3,54.75058494961523,3
3.706421470668909,8.978450822243211,1,68.79964449706557,3
8.127995672575025,5.2385276305636195,4,77.5045970229078,4
9.472485773838587,4.065974971950883,1,69.43263993149235,4
9.860010638228708,4.821313780412844,3,58.18419007326507,4
7.533781852589416,9.400111851088631,1,63.68956537570533,4
3.762595855309158,9.243340465375091,1,96.41587664242886,4
0.8350071669866876,7.58447861302185,3,83.79911377931776,3
7.771469159274368,7.60310116260192,1,74.80239193399433,4
5.58404249735805,7.990220047277533,2,50.635744499344675,3
4.242220092469763,5.052227671740697,2,99.6207700244735,4
9.06354385094736,9.486471675549758,1,83.57274674473217,4
1.1119748230615134,6.5126231493524385,4,65.84612386724724,2
4.926251042908591,6.298831169496985,3,93.96343299989191,4
0.11353644767419069,7.113506231697025,2,62.921581014590906,2
4.6866064199412625,4.281795800650331,4,77.20082895913758,3
0.5630327568183735,4.9977002125364764,1,81.80353818649125,2
1.1881791626807192,8.428201698558222,4,61.053168572686424,2
1.1752624677710488,4.496792007550759,0,98.91986394002978,2
6.492103021160636,7.618912656798329,2,87.40959529894988,4
7.460448792654233,5.472094658087926,1,77.8906612755535,4
5.833687650971596,6.335773684251859,3,59.02972990876504,3
9.621725484745419,5.732162420624199,1,52.692910349901304,4
3.748705795237041,6.134036298789695,3,66.00299162604918,3
2.8571208628186073,8.314275431105473,1,87.65936679567014,3
8.685991281894603,5.78273029373905,4,63.46656491510125,4
2.235958385194526,7.398427841781383,4,76.97781102477526,3
9.632225394406113,6.856302413194598,4,86.39735883653717,4
0.12154474689816341,7.982026992175889,0,55.397185732323216,2
9.69878826707639,9.620978435948548,3,84.26490080579367,4
0.43159911950576113,8.395432583261503,4,54.593544385502234,2
8.911431136980712,5.28964227154454,0,98.25648710634982,4
5.277011090862999,4.187098810367708,3,74.41970650324697,3
9.929647961193004,5.57358426579895,1,57.53380538549387,4
0.7379656473539886,7.570467584201529,0,67.11918180167733,2
5.538542844013207,4.308554880905502,2,70.67082246476308,3
9.69302535619099,6.978197483207418,0,87.90925055382687,4
5.230978441701488,7.581057093501335,0,87.17118930383046,4
6.293986381352625,6.005463344901765,3,80.59702526686655,4
6.957486889846171,8.62547322247493,1,55.29653562792465,4
4.545410647677732,4.639589518802631,2,57.57846857938368,2
6.275580800840634,4.450826690414853,4,54.68784603227783,3
5.843143119231002,8.36913253722162,4,78.85863916437751,4
9.01158010490989,6.972947897237191,0,93.8569220755702,4
0.4544638034145787,8.130414378566417,3,71.6900256127386,2
2.809631895922303,6.608964031622477,3,58.04240869788731,2
9.504114840765588,5.478412199434641,4,77.90211625744836,4
8.902637838909163,8.914613906045197,2,90.58761084328549,4
4.55656752785713,8.796495273813875,1,87.0856030756465,4
6.201325978015367,8.16817882512656,2,94.07253898375106,4
2.7738118298113266,5.632870823379776,1,63.89510486244339,2
1.881211597237613,7.541384001214523,4,59.697693363388744,2
4.636984049399821,6.165843381640161,1,93.99082429709694,4
3.533522280260528,4.5494924399598045,3,82.87801563890116,3
5.836561118508721,9.503881452773456,0,65.54644650037771,4
0.7773463696498484,4.820911785513768,0,87.11740252862546,2
9.743948076661665,9.701424122924815,4,90.75591922401838,4
9.86210744479603,6.676034637747734,3,80.74891201705663,4
